DROP TABLE IF EXISTS `t_ksxx`;
CREATE TABLE `t_ksxx` (
  `KSBH` char(6) NOT NULL COMMENT '科室编号，数字',
  `KSMC` char(10) NOT NULL COMMENT '科室名称',
  `PYZS` char(8) NOT NULL COMMENT '科室名称的拼音字首',
  PRIMARY KEY (`KSBH`),
  UNIQUE KEY `T_KSXX_KSBH_uindex` (`KSBH`)
) ENGINE=InnoDB DEFAULT CHARSET=utf8 COMMENT='科室信息表';


LOCK TABLES `t_ksxx` WRITE;
INSERT INTO `t_ksxx` VALUES ('000001','内分泌科','NFMK'),('000002','消化科','XHK'),('000003','骨科','GK'),('000004','普外科','PWK'),('000005','泌尿外科','MNWK'),('000006','妇产科','FCK'),('000007','心血管科','XXGK'),('000008','神经外科','SJWK'),('000009','神经内科','SJNK'),('000010','胸外科','XWK');
UNLOCK TABLES;



DROP TABLE IF EXISTS `t_brxx`;
CREATE TABLE `t_brxx` (
  `BRBH` char(6) NOT NULL COMMENT '病人编号，数字',
  `BRMC` char(10) NOT NULL COMMENT '病人名称',
  `DLKL` char(8) NOT NULL COMMENT '登录口令',
  `YCJE` decimal(10,2) NOT NULL COMMENT '病人预存金额',
  `DLRQ` datetime DEFAULT NULL COMMENT '最后一次登录日期及时间',
  PRIMARY KEY (`BRBH`),
  UNIQUE KEY `T_BRXX_BRBH_uindex` (`BRBH`)
) ENGINE=InnoDB DEFAULT CHARSET=utf8 COMMENT='病人信息表';


LOCK TABLES `t_brxx` WRITE;
INSERT INTO `t_brxx` VALUES ('000001','刘德华','12345',100.00,'2018-05-13 15:51:30'),('000002','周柏豪','12345',50.00,'2018-05-24 23:01:18'),('000003','谢安琪','12345',300.00,'2018-05-13 16:42:49'),('000004','张敬轩','12345',400.00,NULL),('000005','周杰伦','12345',500.00,'2018-05-13 16:45:28'),('000006','范冰冰','12345',600.00,NULL),('000007','张艺兴','12345',700.00,NULL),('000008','张艺谋','12345',800.00,NULL),('000009','刘若英','12345',900.00,NULL),('000010','古天乐','12345',1000.00,NULL),('000011','王健林','12345',1100.00,NULL),('000012','张国焘','12345',1200.00,NULL),('000013','周恩来','12345',1300.00,NULL),('000014','李自成','12345',1400.00,NULL),('000015','沈从文','12345',1500.00,NULL);
UNLOCK TABLES;

DROP TABLE IF EXISTS `t_ghxx`;
CREATE TABLE `t_ghxx` (
  `GHBH` char(6) NOT NULL COMMENT '挂号的顺序编号，数字',
  `HZBH` char(6) NOT NULL COMMENT '号种编号',
  `YSBH` char(6) NOT NULL COMMENT '医生编号',
  `BRBH` char(6) NOT NULL COMMENT '病人编号',
  `GHRC` int(11) NOT NULL COMMENT '该病人该号种的挂号人次',
  `THBZ` tinyint(1) NOT NULL COMMENT '退号标志=true为已退号码',
  `GHFY` decimal(8,2) NOT NULL COMMENT '病人的实际挂号费用',
  `RQSJ` datetime NOT NULL COMMENT '挂号日期时间',
  PRIMARY KEY (`GHBH`),
  KEY `GHBH` (`GHBH`,`HZBH`,`YSBH`,`BRBH`,`GHRC`)
) ENGINE=InnoDB DEFAULT CHARSET=utf8 COMMENT='挂号信息表';


LOCK TABLES `t_ghxx` WRITE;
INSERT INTO `t_ghxx` VALUES ('000001','000002','000002','000001',1,0,1.00,'2018-04-24 11:24:10'),('000002','000010','000010','000002',1,0,1.00,'2018-04-24 21:54:26'),('000003','000004','000004','000001',1,0,1.00,'2018-04-25 11:07:50'),('000004','000018','000008','000001',1,0,5.00,'2018-04-25 11:09:45'),('000005','000009','000009','000001',1,0,1.00,'2018-04-25 11:09:54'),('000006','000006','000006','000001',1,0,1.00,'2018-04-25 11:10:02'),('000007','000018','000008','000001',2,0,5.00,'2018-04-25 11:10:12'),('000008','000009','000009','000001',2,0,1.00,'2018-04-25 11:10:19'),('000009','000014','000004','000003',1,0,5.00,'2018-04-25 11:11:35'),('000010','000007','000007','000003',1,0,1.00,'2018-04-25 11:11:42'),('000011','000008','000008','000003',1,0,1.00,'2018-04-25 11:11:49'),('000012','000009','000009','000003',3,0,1.00,'2018-04-25 11:11:57'),('000013','000005','000005','000003',1,0,1.00,'2018-04-25 11:12:11'),('000014','000013','000003','000004',1,0,5.00,'2018-04-25 11:13:05'),('000015','000006','000006','000004',2,0,1.00,'2018-04-25 11:13:13'),('000016','000013','000003','000005',2,0,5.00,'2018-04-25 11:13:59'),('000017','000010','000010','000005',2,0,1.00,'2018-04-25 11:14:07'),('000018','000007','000007','000005',2,0,1.00,'2018-04-25 11:14:15'),('000019','000003','000003','000006',1,0,1.00,'2018-04-25 11:15:08'),('000020','000013','000003','000007',3,0,5.00,'2018-04-25 11:26:16'),('000021','000002','000002','000008',2,0,1.00,'2018-04-25 11:30:38'),('000022','000002','000002','000009',3,0,1.00,'2018-04-25 11:31:33'),('000023','000002','000002','000010',4,0,1.00,'2018-04-25 11:32:22'),('000024','000004','000004','000002',2,1,1.00,'2018-04-25 14:42:34'),('000025','000014','000004','000002',2,0,5.00,'2018-05-12 20:43:32'),('000026','000013','000003','000002',4,0,5.00,'2018-05-13 10:25:57'),('000027','000006','000006','000002',3,1,1.00,'2018-05-13 12:35:23'),('000028','000003','000003','000002',2,0,1.00,'2018-05-13 12:39:18'),('000029','000005','000005','000002',2,0,1.00,'2018-05-13 12:43:46'),('000030','000006','000006','000002',4,0,1.00,'2018-05-13 13:02:15'),('000031','000003','000003','000002',3,0,1.00,'2018-05-13 13:35:22'),('000032','000004','000004','000002',3,0,1.00,'2018-05-13 13:58:27'),('000033','000010','000010','000002',3,0,1.00,'2018-05-13 14:03:55');
UNLOCK TABLES;


DROP TABLE IF EXISTS `t_hzxx`;
CREATE TABLE `t_hzxx` (
  `HZBH` char(6) NOT NULL COMMENT '号种编号，数字，第一索引',
  `HZMC` char(12) NOT NULL COMMENT '号种名称',
  `PYZS` char(4) NOT NULL COMMENT '号种名称的拼音字首',
  `KSBH` char(6) NOT NULL COMMENT '号种所属科室，第二索引',
  `SFZJ` tinyint(1) NOT NULL COMMENT '是否专家号',
  `GHRS` int(11) NOT NULL COMMENT '每日限定的挂号人数',
  `GHFY` decimal(8,2) NOT NULL COMMENT '挂号费',
  PRIMARY KEY (`HZBH`),
  UNIQUE KEY `T_HZXX_HZBH_uindex` (`HZBH`)
) ENGINE=InnoDB DEFAULT CHARSET=utf8 COMMENT='号种信息表';


LOCK TABLES `t_hzxx` WRITE;
INSERT INTO `t_hzxx` VALUES ('000001','内分泌科普通号','NFMP','000001',0,500,1.00),('000002','消化科普通号','XHMP','000002',0,500,1.00),('000003','骨科普通号','GKMP','000003',0,500,1.00),('000004','普外科普通号','PWMP','000004',0,500,1.00),('000005','泌尿外科普通号','MNMP','000005',0,500,1.00),('000006','妇产科普通号','FCMP','000006',0,500,1.00),('000007','心血管科普通号','XXMP','000007',0,500,1.00),('000008','神经外科普通号','SJMP','000008',0,500,1.00),('000009','神经内科普通号','SJMP','000009',0,500,1.00),('000010','胸外科普通号','XWMP','000010',0,500,1.00),('000011','内分泌科专家号','NFJZ','000001',1,200,5.00),('000012','消化科专家号','XHJZ','000002',1,200,5.00),('000013','骨科专家号','GKJZ','000003',1,200,5.00),('000014','普外科专家号','PWJZ','000004',1,200,5.00),('000015','泌尿外科专家号','MNJZ','000005',1,200,5.00),('000016','妇产科专家号','FCJZ','000006',1,200,5.00),('000017','心血管科专家号','XXJZ','000007',1,200,5.00),('000018','神经外科专家号','SJJZ','000008',1,200,5.00),('000019','神经内科专家号','SJJZ','000009',1,200,5.00),('000020','胸外科专家号','XWJZ','000010',1,200,5.00);
UNLOCK TABLES;




DROP TABLE IF EXISTS `t_ksys`;
CREATE TABLE `t_ksys` (
  `YSBH` char(6) NOT NULL COMMENT '医生编号，数字，第一索引',
  `KSBH` char(6) NOT NULL COMMENT '所属科室编号，第二索引',
  `YSMC` char(10) NOT NULL COMMENT '医生名称',
  `PTZS` char(4) NOT NULL COMMENT '医生名称的拼音字首',
  `DLKL` char(8) NOT NULL COMMENT '登录口令',
  `SFZJ` tinyint(1) NOT NULL COMMENT '是否专家',
  `DLRQ` datetime DEFAULT NULL COMMENT '最后一次登录日期及时间',
  PRIMARY KEY (`YSBH`),
  UNIQUE KEY `T_KSYS_YSBH_uindex` (`YSBH`),
  UNIQUE KEY `T_KSYS_KSBH_uindex` (`KSBH`)
) ENGINE=InnoDB DEFAULT CHARSET=utf8 COMMENT='科室医生表';


LOCK TABLES `t_ksys` WRITE;
INSERT INTO `t_ksys` VALUES ('000001','000001','朱咎贵','FPR','123',1,NULL),('000002','000002','吴寿善','ZSJ','123',0,NULL),('000003','000003','张赤志','YBH','123',1,NULL),('000004','000004','沈忠源','LHM','123',1,NULL),('000005','000005','盛国光','DC','123',0,NULL),('000006','000006','李瀚旻','DZQ','123',0,NULL),('000007','000007','罗欣拉','LSZ','123',0,NULL),('000008','000008','陈盛铎','BQ','123',1,NULL),('000009','000009','俞金秀','HT','123',1,NULL),('000010','000010','姚昌绶','XAQ','123',0,NULL);
UNLOCK TABLES;
